{"train/loss":0.2892,"eval/dim_768_cosine_accuracy@10":0.8281592403214025,"_step":449,"eval/dim_768_cosine_recall@1":0.5918553688823959,"total_flos":0,"eval/steps_per_second":0,"eval/dim_768_cosine_mrr@10":0.6689123244866493,"eval/dim_768_cosine_accuracy@5":0.7731921110299489,"eval/dim_768_cosine_recall@5":0.7731921110299489,"train/learning_rate":1e-06,"train/grad_norm":0.00901922956109047,"eval/runtime":8.7807,"eval/dim_768_cosine_accuracy@1":0.5918553688823959,"train_steps_per_second":2.003,"eval/dim_768_cosine_ndcg@10":0.7072928311474799,"_timestamp":1.7423070391816745e+09,"_runtime":2190.798966993,"train_runtime":2191.5247,"train/epoch":10,"eval/dim_768_cosine_precision@3":0.2408692476260044,"eval/dim_768_cosine_precision@5":0.15463842220598978,"eval/dim_768_cosine_precision@1":0.5918553688823959,"eval/dim_768_cosine_recall@3":0.7226077428780131,"eval/dim_768_cosine_recall@10":0.8281592403214025,"train_loss":0.4735788263329612,"eval/dim_768_cosine_precision@10":0.08281592403214023,"_wandb":{"runtime":2280},"train_samples_per_second":199.875,"eval/dim_768_cosine_accuracy@3":0.7226077428780131,"eval/dim_768_cosine_map@100":0.6749993965476478,"eval/samples_per_second":0,"train/global_step":4390}