{"train/epoch":5,"eval/dim_768_cosine_recall@10":0.945763330898466,"eval/samples_per_second":0,"eval/dim_768_cosine_precision@1":0.7647918188458729,"eval/dim_768_cosine_map@100":0.8284552027798833,"total_flos":0,"train_samples_per_second":38.486,"eval/steps_per_second":0,"eval/dim_768_cosine_ndcg@10":0.8548766612753436,"train_runtime":5690.8141,"train/learning_rate":1e-06,"train_steps_per_second":7.697,"eval/dim_768_cosine_accuracy@10":0.945763330898466,"train/grad_norm":0.14848606288433075,"eval/dim_768_cosine_recall@1":0.7647918188458729,"train/global_step":43805,"train_loss":0.017197656590147336,"_runtime":5690.032945104,"_wandb":{"runtime":5998},"_step":4385,"eval/dim_768_cosine_recall@5":0.9092403214024836,"eval/dim_768_cosine_accuracy@1":0.7647918188458729,"train/loss":0.0004,"eval/dim_768_cosine_recall@3":0.8677867056245434,"eval/runtime":13.7689,"eval/dim_768_cosine_accuracy@5":0.9092403214024836,"eval/dim_768_cosine_precision@3":0.2892622352081812,"eval/dim_768_cosine_accuracy@3":0.8677867056245434,"_timestamp":1.7429761322097065e+09,"eval/dim_768_cosine_precision@10":0.0945763330898466,"eval/dim_768_cosine_mrr@10":0.8258083614502542,"eval/dim_768_cosine_precision@5":0.18184806428049669}