{"eval/dim_768_cosine_ndcg@10":0.7058563262178716,"eval/dim_768_cosine_precision@1":0.5845507669831994,"eval/dim_768_cosine_accuracy@5":0.7708181154127101,"eval/dim_768_cosine_precision@10":0.08329072315558801,"eval/dim_768_cosine_recall@10":0.8329072315558802,"eval/runtime":8.3824,"eval/dim_768_cosine_accuracy@1":0.5845507669831994,"eval/dim_768_cosine_recall@3":0.7211468224981739,"train/loss":0.3183,"train_steps_per_second":2.001,"train/epoch":10,"train_runtime":2193.8141,"train/global_step":4390,"eval/dim_768_cosine_recall@1":0.5845507669831994,"_step":449,"_timestamp":1.7423017352518706e+09,"eval/dim_768_cosine_map@100":0.6713600507653849,"eval/dim_768_cosine_accuracy@10":0.8329072315558802,"train_samples_per_second":199.666,"eval/dim_768_cosine_mrr@10":0.6655524974781754,"eval/dim_768_cosine_recall@5":0.7708181154127101,"total_flos":0,"_wandb":{"runtime":2205},"eval/dim_768_cosine_precision@3":0.24038227416605792,"eval/steps_per_second":0,"eval/dim_768_cosine_precision@5":0.154163623082542,"eval/dim_768_cosine_accuracy@3":0.7211468224981739,"train_loss":0.5683228083786498,"train/grad_norm":0.0033011825289577246,"_runtime":2193.057026412,"eval/samples_per_second":0,"train/learning_rate":1e-06}